{"cameraMode":{"drawMode":0,"name":"Shaded","section":"Shading Mode"},"sceneLighting":false,"audioPlay":false,"sceneViewState":{"showFog":true,"showMaterialUpdate":false,"showSkybox":false,"showFlares":true,"showImageEffects":true,"showParticleSystems":true},"in2DMode":false,"pivot":{"x":0.992942214012146,"y":0.057706430554389957,"z":-25.451580047607423},"rotation":{"x":-0.25414589047431948,"y":0.07163334637880326,"z":-0.02018642984330654,"w":-0.9643149971961975},"size":0.7104713916778565,"orthographic":false}