{"cameraMode":{"drawMode":0,"name":"Shaded","section":"Shading Mode"},"sceneLighting":false,"audioPlay":false,"sceneViewState":{"showFog":true,"showMaterialUpdate":false,"showSkybox":false,"showFlares":true,"showImageEffects":true,"showParticleSystems":true},"in2DMode":false,"pivot":{"x":0.7765777111053467,"y":1.3890000581741334,"z":-0.038600921630859378},"rotation":{"x":0.041114915162324908,"y":-0.9586631059646606,"z":0.19113121926784516,"w":0.2068813592195511},"size":0.08660251647233963,"orthographic":false}