{"cameraMode":{"drawMode":0,"name":"Shaded","section":"Shading Mode"},"sceneLighting":true,"audioPlay":false,"sceneViewState":{"showFog":true,"showMaterialUpdate":false,"showSkybox":false,"showFlares":true,"showImageEffects":true,"showParticleSystems":true},"in2DMode":false,"pivot":{"x":2.5209999084472658,"y":0.9900000095367432,"z":15.555000305175782},"rotation":{"x":-0.2503984570503235,"y":-0.1622900664806366,"z":0.04262004420161247,"w":-0.953509509563446},"size":4.807394981384277,"orthographic":false}