{"cameraMode":{"drawMode":0,"name":"Shaded","section":"Shading Mode"},"sceneLighting":false,"audioPlay":false,"sceneViewState":{"showFog":true,"showMaterialUpdate":false,"showSkybox":false,"showFlares":true,"showImageEffects":true,"showParticleSystems":true},"in2DMode":false,"pivot":{"x":-0.7332174181938171,"y":1.411909818649292,"z":19.208084106445314},"rotation":{"x":-0.36400914192199709,"y":0.09548874199390412,"z":-0.038947321474552158,"w":-0.9257060289382935},"size":0.9408478140830994,"orthographic":false}