{"cameraMode":{"drawMode":0,"name":"Shaded","section":"Shading Mode"},"sceneLighting":false,"audioPlay":false,"sceneViewState":{"showFog":true,"showMaterialUpdate":false,"showSkybox":false,"showFlares":true,"showImageEffects":true,"showParticleSystems":true},"in2DMode":false,"pivot":{"x":0.7908371686935425,"y":0.5563663840293884,"z":-19.804147720336915},"rotation":{"x":0.072682224214077,"y":0.8006923198699951,"z":-0.09923258423805237,"w":0.5863909125328064},"size":0.10566118359565735,"orthographic":false}